Country Name,Country Code,Series Name,Series Code,2019 [YR2019]
Afghanistan,AFG,"Foreign direct investment, net inflows (% of GDP)",BX.KLT.DINV.WD.GD.ZS,0.124495985791329
Albania,ALB,"Foreign direct investment, net inflows (% of GDP)",BX.KLT.DINV.WD.GD.ZS,7.79792048386519
Algeria,DZA,"Foreign direct investment, net inflows (% of GDP)",BX.KLT.DINV.WD.GD.ZS,0.804144058246544
American Samoa,ASM,"Foreign direct investment, net inflows (% of GDP)",BX.KLT.DINV.WD.GD.ZS,..
Andorra,AND,"Foreign direct investment, net inflows (% of GDP)",BX.KLT.DINV.WD.GD.ZS,..
Angola,AGO,"Foreign direct investment, net inflows (% of GDP)",BX.KLT.DINV.WD.GD.ZS,-5.7808131444487
Antigua and Barbuda,ATG,"Foreign direct investment, net inflows (% of GDP)",BX.KLT.DINV.WD.GD.ZS,7.43332407630785
Argentina,ARG,"Foreign direct investment, net inflows (% of GDP)",BX.KLT.DINV.WD.GD.ZS,1.48500687570697
Armenia,ARM,"Foreign direct investment, net inflows (% of GDP)",BX.KLT.DINV.WD.GD.ZS,0.736361516844353
Aruba,ABW,"Foreign direct investment, net inflows (% of GDP)",BX.KLT.DINV.WD.GD.ZS,-2.21528256776249
Australia,AUS,"Foreign direct investment, net inflows (% of GDP)",BX.KLT.DINV.WD.GD.ZS,2.79345368293896
Austria,AUT,"Foreign direct investment, net inflows (% of GDP)",BX.KLT.DINV.WD.GD.ZS,-2.78770571216157
Azerbaijan,AZE,"Foreign direct investment, net inflows (% of GDP)",BX.KLT.DINV.WD.GD.ZS,3.12183056112494
"Bahamas, The",BHS,"Foreign direct investment, net inflows (% of GDP)",BX.KLT.DINV.WD.GD.ZS,3.6927818725524
Bahrain,BHR,"Foreign direct investment, net inflows (% of GDP)",BX.KLT.DINV.WD.GD.ZS,4.00518862174685
Bangladesh,BGD,"Foreign direct investment, net inflows (% of GDP)",BX.KLT.DINV.WD.GD.ZS,0.543233710331666
Barbados,BRB,"Foreign direct investment, net inflows (% of GDP)",BX.KLT.DINV.WD.GD.ZS,4.03231784838329
Belarus,BLR,"Foreign direct investment, net inflows (% of GDP)",BX.KLT.DINV.WD.GD.ZS,1.97686317571178
Belgium,BEL,"Foreign direct investment, net inflows (% of GDP)",BX.KLT.DINV.WD.GD.ZS,-3.98979364981819
Belize,BLZ,"Foreign direct investment, net inflows (% of GDP)",BX.KLT.DINV.WD.GD.ZS,3.93457925829276
Benin,BEN,"Foreign direct investment, net inflows (% of GDP)",BX.KLT.DINV.WD.GD.ZS,1.51631080442569
Bermuda,BMU,"Foreign direct investment, net inflows (% of GDP)",BX.KLT.DINV.WD.GD.ZS,0.0591344675296509
Bhutan,BTN,"Foreign direct investment, net inflows (% of GDP)",BX.KLT.DINV.WD.GD.ZS,0.475617070464636
Bolivia,BOL,"Foreign direct investment, net inflows (% of GDP)",BX.KLT.DINV.WD.GD.ZS,-0.529735011311977
Bosnia and Herzegovina,BIH,"Foreign direct investment, net inflows (% of GDP)",BX.KLT.DINV.WD.GD.ZS,2.18661377542075
Botswana,BWA,"Foreign direct investment, net inflows (% of GDP)",BX.KLT.DINV.WD.GD.ZS,0.559653480699367
Brazil,BRA,"Foreign direct investment, net inflows (% of GDP)",BX.KLT.DINV.WD.GD.ZS,3.69267321290506
British Virgin Islands,VGB,"Foreign direct investment, net inflows (% of GDP)",BX.KLT.DINV.WD.GD.ZS,..
Brunei Darussalam,BRN,"Foreign direct investment, net inflows (% of GDP)",BX.KLT.DINV.WD.GD.ZS,2.77118007919323
Bulgaria,BGR,"Foreign direct investment, net inflows (% of GDP)",BX.KLT.DINV.WD.GD.ZS,3.22476396917176
Burkina Faso,BFA,"Foreign direct investment, net inflows (% of GDP)",BX.KLT.DINV.WD.GD.ZS,1.0164787374761
Burundi,BDI,"Foreign direct investment, net inflows (% of GDP)",BX.KLT.DINV.WD.GD.ZS,0.040556947720545
Cabo Verde,CPV,"Foreign direct investment, net inflows (% of GDP)",BX.KLT.DINV.WD.GD.ZS,5.45788755667341
Cambodia,KHM,"Foreign direct investment, net inflows (% of GDP)",BX.KLT.DINV.WD.GD.ZS,13.5220209647967
Cameroon,CMR,"Foreign direct investment, net inflows (% of GDP)",BX.KLT.DINV.WD.GD.ZS,2.5831964059044
Canada,CAN,"Foreign direct investment, net inflows (% of GDP)",BX.KLT.DINV.WD.GD.ZS,2.80676687017653
Cayman Islands,CYM,"Foreign direct investment, net inflows (% of GDP)",BX.KLT.DINV.WD.GD.ZS,18.1830873197548
Central African Republic,CAF,"Foreign direct investment, net inflows (% of GDP)",BX.KLT.DINV.WD.GD.ZS,1.15252967682269
Chad,TCD,"Foreign direct investment, net inflows (% of GDP)",BX.KLT.DINV.WD.GD.ZS,5.00787801342363
Channel Islands,CHI,"Foreign direct investment, net inflows (% of GDP)",BX.KLT.DINV.WD.GD.ZS,..
Chile,CHL,"Foreign direct investment, net inflows (% of GDP)",BX.KLT.DINV.WD.GD.ZS,4.87406503831311
China,CHN,"Foreign direct investment, net inflows (% of GDP)",BX.KLT.DINV.WD.GD.ZS,1.31071593248213
Colombia,COL,"Foreign direct investment, net inflows (% of GDP)",BX.KLT.DINV.WD.GD.ZS,4.33058240907475
Comoros,COM,"Foreign direct investment, net inflows (% of GDP)",BX.KLT.DINV.WD.GD.ZS,0.359894031404716
"Congo, Dem. Rep.",COD,"Foreign direct investment, net inflows (% of GDP)",BX.KLT.DINV.WD.GD.ZS,2.60931448015292
"Congo, Rep.",COG,"Foreign direct investment, net inflows (% of GDP)",BX.KLT.DINV.WD.GD.ZS,-10.2147373124797
Costa Rica,CRI,"Foreign direct investment, net inflows (% of GDP)",BX.KLT.DINV.WD.GD.ZS,4.22094016660926
Cote d'Ivoire,CIV,"Foreign direct investment, net inflows (% of GDP)",BX.KLT.DINV.WD.GD.ZS,1.41719980536463
Croatia,HRV,"Foreign direct investment, net inflows (% of GDP)",BX.KLT.DINV.WD.GD.ZS,6.41082614786897
Cuba,CUB,"Foreign direct investment, net inflows (% of GDP)",BX.KLT.DINV.WD.GD.ZS,..
Curacao,CUW,"Foreign direct investment, net inflows (% of GDP)",BX.KLT.DINV.WD.GD.ZS,6.71586643004897
Cyprus,CYP,"Foreign direct investment, net inflows (% of GDP)",BX.KLT.DINV.WD.GD.ZS,203.625433364883
Czechia,CZE,"Foreign direct investment, net inflows (% of GDP)",BX.KLT.DINV.WD.GD.ZS,4.25745331930823
Denmark,DNK,"Foreign direct investment, net inflows (% of GDP)",BX.KLT.DINV.WD.GD.ZS,-1.09718546490012
Djibouti,DJI,"Foreign direct investment, net inflows (% of GDP)",BX.KLT.DINV.WD.GD.ZS,5.66550040200762
Dominica,DMA,"Foreign direct investment, net inflows (% of GDP)",BX.KLT.DINV.WD.GD.ZS,10.3084171305166
Dominican Republic,DOM,"Foreign direct investment, net inflows (% of GDP)",BX.KLT.DINV.WD.GD.ZS,3.1809718229246
Ecuador,ECU,"Foreign direct investment, net inflows (% of GDP)",BX.KLT.DINV.WD.GD.ZS,0.905594789228823
"Egypt, Arab Rep.",EGY,"Foreign direct investment, net inflows (% of GDP)",BX.KLT.DINV.WD.GD.ZS,2.82732944960686
El Salvador,SLV,"Foreign direct investment, net inflows (% of GDP)",BX.KLT.DINV.WD.GD.ZS,2.59024369040438
Equatorial Guinea,GNQ,"Foreign direct investment, net inflows (% of GDP)",BX.KLT.DINV.WD.GD.ZS,3.97995245506153
Eritrea,ERI,"Foreign direct investment, net inflows (% of GDP)",BX.KLT.DINV.WD.GD.ZS,..
Estonia,EST,"Foreign direct investment, net inflows (% of GDP)",BX.KLT.DINV.WD.GD.ZS,9.82202103786608
Eswatini,SWZ,"Foreign direct investment, net inflows (% of GDP)",BX.KLT.DINV.WD.GD.ZS,2.86531064179099
Ethiopia,ETH,"Foreign direct investment, net inflows (% of GDP)",BX.KLT.DINV.WD.GD.ZS,2.65736016138456
Faroe Islands,FRO,"Foreign direct investment, net inflows (% of GDP)",BX.KLT.DINV.WD.GD.ZS,..
Fiji,FJI,"Foreign direct investment, net inflows (% of GDP)",BX.KLT.DINV.WD.GD.ZS,5.91952095846727
Finland,FIN,"Foreign direct investment, net inflows (% of GDP)",BX.KLT.DINV.WD.GD.ZS,5.81407868801805
France,FRA,"Foreign direct investment, net inflows (% of GDP)",BX.KLT.DINV.WD.GD.ZS,1.96049400180615
French Polynesia,PYF,"Foreign direct investment, net inflows (% of GDP)",BX.KLT.DINV.WD.GD.ZS,0.211401010736817
Gabon,GAB,"Foreign direct investment, net inflows (% of GDP)",BX.KLT.DINV.WD.GD.ZS,9.20409835236532
"Gambia, The",GMB,"Foreign direct investment, net inflows (% of GDP)",BX.KLT.DINV.WD.GD.ZS,3.9194379121789
Georgia,GEO,"Foreign direct investment, net inflows (% of GDP)",BX.KLT.DINV.WD.GD.ZS,7.91323474836721
Germany,DEU,"Foreign direct investment, net inflows (% of GDP)",BX.KLT.DINV.WD.GD.ZS,1.90205922776563
Ghana,GHA,"Foreign direct investment, net inflows (% of GDP)",BX.KLT.DINV.WD.GD.ZS,5.67741655020323
Gibraltar,GIB,"Foreign direct investment, net inflows (% of GDP)",BX.KLT.DINV.WD.GD.ZS,..
Greece,GRC,"Foreign direct investment, net inflows (% of GDP)",BX.KLT.DINV.WD.GD.ZS,2.43584347799923
Greenland,GRL,"Foreign direct investment, net inflows (% of GDP)",BX.KLT.DINV.WD.GD.ZS,..
Grenada,GRD,"Foreign direct investment, net inflows (% of GDP)",BX.KLT.DINV.WD.GD.ZS,16.3973140363487
Guam,GUM,"Foreign direct investment, net inflows (% of GDP)",BX.KLT.DINV.WD.GD.ZS,..
Guatemala,GTM,"Foreign direct investment, net inflows (% of GDP)",BX.KLT.DINV.WD.GD.ZS,1.51707101923107
Guinea,GIN,"Foreign direct investment, net inflows (% of GDP)",BX.KLT.DINV.WD.GD.ZS,0.330286821833642
Guinea-Bissau,GNB,"Foreign direct investment, net inflows (% of GDP)",BX.KLT.DINV.WD.GD.ZS,4.97754712507096
Guyana,GUY,"Foreign direct investment, net inflows (% of GDP)",BX.KLT.DINV.WD.GD.ZS,32.7649489760172
Haiti,HTI,"Foreign direct investment, net inflows (% of GDP)",BX.KLT.DINV.WD.GD.ZS,0.499464210439719
Honduras,HND,"Foreign direct investment, net inflows (% of GDP)",BX.KLT.DINV.WD.GD.ZS,3.80668670933849
"Hong Kong SAR, China",HKG,"Foreign direct investment, net inflows (% of GDP)",BX.KLT.DINV.WD.GD.ZS,16.0571325877868
Hungary,HUN,"Foreign direct investment, net inflows (% of GDP)",BX.KLT.DINV.WD.GD.ZS,60.0414042352445
Iceland,ISL,"Foreign direct investment, net inflows (% of GDP)",BX.KLT.DINV.WD.GD.ZS,-2.25459249123475
India,IND,"Foreign direct investment, net inflows (% of GDP)",BX.KLT.DINV.WD.GD.ZS,1.78482633953521
Indonesia,IDN,"Foreign direct investment, net inflows (% of GDP)",BX.KLT.DINV.WD.GD.ZS,2.23336204282241
"Iran, Islamic Rep.",IRN,"Foreign direct investment, net inflows (% of GDP)",BX.KLT.DINV.WD.GD.ZS,0.531641985022407
Iraq,IRQ,"Foreign direct investment, net inflows (% of GDP)",BX.KLT.DINV.WD.GD.ZS,-1.31640616709339
Ireland,IRL,"Foreign direct investment, net inflows (% of GDP)",BX.KLT.DINV.WD.GD.ZS,-11.689488034703
Isle of Man,IMN,"Foreign direct investment, net inflows (% of GDP)",BX.KLT.DINV.WD.GD.ZS,..
Israel,ISR,"Foreign direct investment, net inflows (% of GDP)",BX.KLT.DINV.WD.GD.ZS,4.31398063025056
Italy,ITA,"Foreign direct investment, net inflows (% of GDP)",BX.KLT.DINV.WD.GD.ZS,1.55049869758514
Jamaica,JAM,"Foreign direct investment, net inflows (% of GDP)",BX.KLT.DINV.WD.GD.ZS,4.20330596139907
Japan,JPN,"Foreign direct investment, net inflows (% of GDP)",BX.KLT.DINV.WD.GD.ZS,0.780785313301259
Jordan,JOR,"Foreign direct investment, net inflows (% of GDP)",BX.KLT.DINV.WD.GD.ZS,1.63971263094598
Kazakhstan,KAZ,"Foreign direct investment, net inflows (% of GDP)",BX.KLT.DINV.WD.GD.ZS,2.05367649290766
Kenya,KEN,"Foreign direct investment, net inflows (% of GDP)",BX.KLT.DINV.WD.GD.ZS,0.468168547481475
Kiribati,KIR,"Foreign direct investment, net inflows (% of GDP)",BX.KLT.DINV.WD.GD.ZS,-0.318686670832408
"Korea, Dem. People's Rep.",PRK,"Foreign direct investment, net inflows (% of GDP)",BX.KLT.DINV.WD.GD.ZS,..
"Korea, Rep.",KOR,"Foreign direct investment, net inflows (% of GDP)",BX.KLT.DINV.WD.GD.ZS,0.58339386057331
Kosovo,XKX,"Foreign direct investment, net inflows (% of GDP)",BX.KLT.DINV.WD.GD.ZS,3.60874710724505
Kuwait,KWT,"Foreign direct investment, net inflows (% of GDP)",BX.KLT.DINV.WD.GD.ZS,0.378596561610448
Kyrgyz Republic,KGZ,"Foreign direct investment, net inflows (% of GDP)",BX.KLT.DINV.WD.GD.ZS,4.3096066288398
Lao PDR,LAO,"Foreign direct investment, net inflows (% of GDP)",BX.KLT.DINV.WD.GD.ZS,4.03149181360237
Latvia,LVA,"Foreign direct investment, net inflows (% of GDP)",BX.KLT.DINV.WD.GD.ZS,3.25660840923509
Lebanon,LBN,"Foreign direct investment, net inflows (% of GDP)",BX.KLT.DINV.WD.GD.ZS,3.69413245000342
Lesotho,LSO,"Foreign direct investment, net inflows (% of GDP)",BX.KLT.DINV.WD.GD.ZS,1.51283206840873
Liberia,LBR,"Foreign direct investment, net inflows (% of GDP)",BX.KLT.DINV.WD.GD.ZS,2.61121194879185
Libya,LBY,"Foreign direct investment, net inflows (% of GDP)",BX.KLT.DINV.WD.GD.ZS,0
Liechtenstein,LIE,"Foreign direct investment, net inflows (% of GDP)",BX.KLT.DINV.WD.GD.ZS,..
Lithuania,LTU,"Foreign direct investment, net inflows (% of GDP)",BX.KLT.DINV.WD.GD.ZS,6.26599401037917
Luxembourg,LUX,"Foreign direct investment, net inflows (% of GDP)",BX.KLT.DINV.WD.GD.ZS,234.248695216893
"Macao SAR, China",MAC,"Foreign direct investment, net inflows (% of GDP)",BX.KLT.DINV.WD.GD.ZS,11.8178697739571
Madagascar,MDG,"Foreign direct investment, net inflows (% of GDP)",BX.KLT.DINV.WD.GD.ZS,3.36279830994654
Malawi,MWI,"Foreign direct investment, net inflows (% of GDP)",BX.KLT.DINV.WD.GD.ZS,0.500915850281206
Malaysia,MYS,"Foreign direct investment, net inflows (% of GDP)",BX.KLT.DINV.WD.GD.ZS,2.50697705748044
Maldives,MDV,"Foreign direct investment, net inflows (% of GDP)",BX.KLT.DINV.WD.GD.ZS,16.783472849825
Mali,MLI,"Foreign direct investment, net inflows (% of GDP)",BX.KLT.DINV.WD.GD.ZS,4.97152245435128
Malta,MLT,"Foreign direct investment, net inflows (% of GDP)",BX.KLT.DINV.WD.GD.ZS,27.2829836641604
Marshall Islands,MHL,"Foreign direct investment, net inflows (% of GDP)",BX.KLT.DINV.WD.GD.ZS,2.22629031565469
Mauritania,MRT,"Foreign direct investment, net inflows (% of GDP)",BX.KLT.DINV.WD.GD.ZS,-11.1917343784634
Mauritius,MUS,"Foreign direct investment, net inflows (% of GDP)",BX.KLT.DINV.WD.GD.ZS,3.07610894576954
Mexico,MEX,"Foreign direct investment, net inflows (% of GDP)",BX.KLT.DINV.WD.GD.ZS,2.29130490063043
"Micronesia, Fed. Sts.",FSM,"Foreign direct investment, net inflows (% of GDP)",BX.KLT.DINV.WD.GD.ZS,..
Moldova,MDA,"Foreign direct investment, net inflows (% of GDP)",BX.KLT.DINV.WD.GD.ZS,4.32157242106837
Monaco,MCO,"Foreign direct investment, net inflows (% of GDP)",BX.KLT.DINV.WD.GD.ZS,..
Mongolia,MNG,"Foreign direct investment, net inflows (% of GDP)",BX.KLT.DINV.WD.GD.ZS,17.1989395200126
Montenegro,MNE,"Foreign direct investment, net inflows (% of GDP)",BX.KLT.DINV.WD.GD.ZS,7.53492922355211
Morocco,MAR,"Foreign direct investment, net inflows (% of GDP)",BX.KLT.DINV.WD.GD.ZS,1.33479789567415
Mozambique,MOZ,"Foreign direct investment, net inflows (% of GDP)",BX.KLT.DINV.WD.GD.ZS,21.7841913105848
Myanmar,MMR,"Foreign direct investment, net inflows (% of GDP)",BX.KLT.DINV.WD.GD.ZS,2.31189862056083
Namibia,NAM,"Foreign direct investment, net inflows (% of GDP)",BX.KLT.DINV.WD.GD.ZS,-1.40710630883469
Nauru,NRU,"Foreign direct investment, net inflows (% of GDP)",BX.KLT.DINV.WD.GD.ZS,..
Nepal,NPL,"Foreign direct investment, net inflows (% of GDP)",BX.KLT.DINV.WD.GD.ZS,0.542801979795753
Netherlands,NLD,"Foreign direct investment, net inflows (% of GDP)",BX.KLT.DINV.WD.GD.ZS,-2.00180072222702
New Caledonia,NCL,"Foreign direct investment, net inflows (% of GDP)",BX.KLT.DINV.WD.GD.ZS,7.63514851485194
New Zealand,NZL,"Foreign direct investment, net inflows (% of GDP)",BX.KLT.DINV.WD.GD.ZS,1.36830790930968
Nicaragua,NIC,"Foreign direct investment, net inflows (% of GDP)",BX.KLT.DINV.WD.GD.ZS,3.96093276376916
Niger,NER,"Foreign direct investment, net inflows (% of GDP)",BX.KLT.DINV.WD.GD.ZS,5.56378872791907
Nigeria,NGA,"Foreign direct investment, net inflows (% of GDP)",BX.KLT.DINV.WD.GD.ZS,0.485777627795016
North Macedonia,MKD,"Foreign direct investment, net inflows (% of GDP)",BX.KLT.DINV.WD.GD.ZS,4.35892493383855
Northern Mariana Islands,MNP,"Foreign direct investment, net inflows (% of GDP)",BX.KLT.DINV.WD.GD.ZS,..
Norway,NOR,"Foreign direct investment, net inflows (% of GDP)",BX.KLT.DINV.WD.GD.ZS,3.99513402641074
Oman,OMN,"Foreign direct investment, net inflows (% of GDP)",BX.KLT.DINV.WD.GD.ZS,4.81225302279426
Pakistan,PAK,"Foreign direct investment, net inflows (% of GDP)",BX.KLT.DINV.WD.GD.ZS,0.696146480411465
Palau,PLW,"Foreign direct investment, net inflows (% of GDP)",BX.KLT.DINV.WD.GD.ZS,19.2286157721356
Panama,PAN,"Foreign direct investment, net inflows (% of GDP)",BX.KLT.DINV.WD.GD.ZS,6.05160547781423
Papua New Guinea,PNG,"Foreign direct investment, net inflows (% of GDP)",BX.KLT.DINV.WD.GD.ZS,1.35578864340193
Paraguay,PRY,"Foreign direct investment, net inflows (% of GDP)",BX.KLT.DINV.WD.GD.ZS,1.06104676965212
Peru,PER,"Foreign direct investment, net inflows (% of GDP)",BX.KLT.DINV.WD.GD.ZS,2.08489665412022
Philippines,PHL,"Foreign direct investment, net inflows (% of GDP)",BX.KLT.DINV.WD.GD.ZS,2.30117498594757
Poland,POL,"Foreign direct investment, net inflows (% of GDP)",BX.KLT.DINV.WD.GD.ZS,2.9559180510572
Portugal,PRT,"Foreign direct investment, net inflows (% of GDP)",BX.KLT.DINV.WD.GD.ZS,4.30025203399647
Puerto Rico,PRI,"Foreign direct investment, net inflows (% of GDP)",BX.KLT.DINV.WD.GD.ZS,..
Qatar,QAT,"Foreign direct investment, net inflows (% of GDP)",BX.KLT.DINV.WD.GD.ZS,-1.59472537646872
Romania,ROU,"Foreign direct investment, net inflows (% of GDP)",BX.KLT.DINV.WD.GD.ZS,2.93423089654186
Russian Federation,RUS,"Foreign direct investment, net inflows (% of GDP)",BX.KLT.DINV.WD.GD.ZS,1.88851731564914
Rwanda,RWA,"Foreign direct investment, net inflows (% of GDP)",BX.KLT.DINV.WD.GD.ZS,2.54363065684298
Samoa,WSM,"Foreign direct investment, net inflows (% of GDP)",BX.KLT.DINV.WD.GD.ZS,-0.238656491573745
San Marino,SMR,"Foreign direct investment, net inflows (% of GDP)",BX.KLT.DINV.WD.GD.ZS,..
Sao Tome and Principe,STP,"Foreign direct investment, net inflows (% of GDP)",BX.KLT.DINV.WD.GD.ZS,5.85791807167711
Saudi Arabia,SAU,"Foreign direct investment, net inflows (% of GDP)",BX.KLT.DINV.WD.GD.ZS,0.544093215724094
Senegal,SEN,"Foreign direct investment, net inflows (% of GDP)",BX.KLT.DINV.WD.GD.ZS,4.55247618583037
Serbia,SRB,"Foreign direct investment, net inflows (% of GDP)",BX.KLT.DINV.WD.GD.ZS,8.28646410409572
Seychelles,SYC,"Foreign direct investment, net inflows (% of GDP)",BX.KLT.DINV.WD.GD.ZS,15.6274892674152
Sierra Leone,SLE,"Foreign direct investment, net inflows (% of GDP)",BX.KLT.DINV.WD.GD.ZS,8.39920004737159
Singapore,SGP,"Foreign direct investment, net inflows (% of GDP)",BX.KLT.DINV.WD.GD.ZS,27.9412497426965
Sint Maarten (Dutch part),SXM,"Foreign direct investment, net inflows (% of GDP)",BX.KLT.DINV.WD.GD.ZS,5.24677626460558
Slovak Republic,SVK,"Foreign direct investment, net inflows (% of GDP)",BX.KLT.DINV.WD.GD.ZS,2.1566313678747
Slovenia,SVN,"Foreign direct investment, net inflows (% of GDP)",BX.KLT.DINV.WD.GD.ZS,3.95600273865327
Solomon Islands,SLB,"Foreign direct investment, net inflows (% of GDP)",BX.KLT.DINV.WD.GD.ZS,2.02495081496878
Somalia,SOM,"Foreign direct investment, net inflows (% of GDP)",BX.KLT.DINV.WD.GD.ZS,4.74500569821254
South Africa,ZAF,"Foreign direct investment, net inflows (% of GDP)",BX.KLT.DINV.WD.GD.ZS,1.31407752294385
South Sudan,SSD,"Foreign direct investment, net inflows (% of GDP)",BX.KLT.DINV.WD.GD.ZS,..
Spain,ESP,"Foreign direct investment, net inflows (% of GDP)",BX.KLT.DINV.WD.GD.ZS,1.85614863696109
Sri Lanka,LKA,"Foreign direct investment, net inflows (% of GDP)",BX.KLT.DINV.WD.GD.ZS,0.835214752952834
St. Kitts and Nevis,KNA,"Foreign direct investment, net inflows (% of GDP)",BX.KLT.DINV.WD.GD.ZS,5.6414137709831
St. Lucia,LCA,"Foreign direct investment, net inflows (% of GDP)",BX.KLT.DINV.WD.GD.ZS,3.5913805814328
St. Martin (French part),MAF,"Foreign direct investment, net inflows (% of GDP)",BX.KLT.DINV.WD.GD.ZS,..
St. Vincent and the Grenadines,VCT,"Foreign direct investment, net inflows (% of GDP)",BX.KLT.DINV.WD.GD.ZS,7.55828893565454
Sudan,SDN,"Foreign direct investment, net inflows (% of GDP)",BX.KLT.DINV.WD.GD.ZS,2.55226968828806
Suriname,SUR,"Foreign direct investment, net inflows (% of GDP)",BX.KLT.DINV.WD.GD.ZS,2.09560541663346
Sweden,SWE,"Foreign direct investment, net inflows (% of GDP)",BX.KLT.DINV.WD.GD.ZS,3.09382236180391
Switzerland,CHE,"Foreign direct investment, net inflows (% of GDP)",BX.KLT.DINV.WD.GD.ZS,1.21642491474438
Syrian Arab Republic,SYR,"Foreign direct investment, net inflows (% of GDP)",BX.KLT.DINV.WD.GD.ZS,..
Tajikistan,TJK,"Foreign direct investment, net inflows (% of GDP)",BX.KLT.DINV.WD.GD.ZS,2.56372126311277
Tanzania,TZA,"Foreign direct investment, net inflows (% of GDP)",BX.KLT.DINV.WD.GD.ZS,1.99459353959394
Thailand,THA,"Foreign direct investment, net inflows (% of GDP)",BX.KLT.DINV.WD.GD.ZS,1.01451188952294
Timor-Leste,TLS,"Foreign direct investment, net inflows (% of GDP)",BX.KLT.DINV.WD.GD.ZS,3.67928327906685
Togo,TGO,"Foreign direct investment, net inflows (% of GDP)",BX.KLT.DINV.WD.GD.ZS,4.9437244573784
Tonga,TON,"Foreign direct investment, net inflows (% of GDP)",BX.KLT.DINV.WD.GD.ZS,0.340279568811314
Trinidad and Tobago,TTO,"Foreign direct investment, net inflows (% of GDP)",BX.KLT.DINV.WD.GD.ZS,0.773783085518185
Tunisia,TUN,"Foreign direct investment, net inflows (% of GDP)",BX.KLT.DINV.WD.GD.ZS,1.93333257157672
Turkiye,TUR,"Foreign direct investment, net inflows (% of GDP)",BX.KLT.DINV.WD.GD.ZS,1.25478651517783
Turkmenistan,TKM,"Foreign direct investment, net inflows (% of GDP)",BX.KLT.DINV.WD.GD.ZS,4.09797710355936
Turks and Caicos Islands,TCA,"Foreign direct investment, net inflows (% of GDP)",BX.KLT.DINV.WD.GD.ZS,2.25165599228338
Tuvalu,TUV,"Foreign direct investment, net inflows (% of GDP)",BX.KLT.DINV.WD.GD.ZS,0.552188355301927
Uganda,UGA,"Foreign direct investment, net inflows (% of GDP)",BX.KLT.DINV.WD.GD.ZS,3.6030428562421
Ukraine,UKR,"Foreign direct investment, net inflows (% of GDP)",BX.KLT.DINV.WD.GD.ZS,3.76649676088543
United Arab Emirates,ARE,"Foreign direct investment, net inflows (% of GDP)",BX.KLT.DINV.WD.GD.ZS,4.27633945790034
United Kingdom,GBR,"Foreign direct investment, net inflows (% of GDP)",BX.KLT.DINV.WD.GD.ZS,0.694070007703287
United States,USA,"Foreign direct investment, net inflows (% of GDP)",BX.KLT.DINV.WD.GD.ZS,1.47787452846554
Uruguay,URY,"Foreign direct investment, net inflows (% of GDP)",BX.KLT.DINV.WD.GD.ZS,2.36872631991584
Uzbekistan,UZB,"Foreign direct investment, net inflows (% of GDP)",BX.KLT.DINV.WD.GD.ZS,3.84264818715085
Vanuatu,VUT,"Foreign direct investment, net inflows (% of GDP)",BX.KLT.DINV.WD.GD.ZS,3.96283923161648
"Venezuela, RB",VEN,"Foreign direct investment, net inflows (% of GDP)",BX.KLT.DINV.WD.GD.ZS,..
Viet Nam,VNM,"Foreign direct investment, net inflows (% of GDP)",BX.KLT.DINV.WD.GD.ZS,4.821074861051
Virgin Islands (U.S.),VIR,"Foreign direct investment, net inflows (% of GDP)",BX.KLT.DINV.WD.GD.ZS,..
West Bank and Gaza,PSE,"Foreign direct investment, net inflows (% of GDP)",BX.KLT.DINV.WD.GD.ZS,0.769720046510608
"Yemen, Rep.",YEM,"Foreign direct investment, net inflows (% of GDP)",BX.KLT.DINV.WD.GD.ZS,-1.69494383154926
Zambia,ZMB,"Foreign direct investment, net inflows (% of GDP)",BX.KLT.DINV.WD.GD.ZS,2.35091904331731
Zimbabwe,ZWE,"Foreign direct investment, net inflows (% of GDP)",BX.KLT.DINV.WD.GD.ZS,1.14280558495638
Africa Eastern and Southern,AFE,"Foreign direct investment, net inflows (% of GDP)",BX.KLT.DINV.WD.GD.ZS,1.4947679328423
Africa Western and Central,AFW,"Foreign direct investment, net inflows (% of GDP)",BX.KLT.DINV.WD.GD.ZS,1.51234540444217
Arab World,ARB,"Foreign direct investment, net inflows (% of GDP)",BX.KLT.DINV.WD.GD.ZS,1.35967464245026
Caribbean small states,CSS,"Foreign direct investment, net inflows (% of GDP)",BX.KLT.DINV.WD.GD.ZS,5.20015649478046
Central Europe and the Baltics,CEB,"Foreign direct investment, net inflows (% of GDP)",BX.KLT.DINV.WD.GD.ZS,9.10350652968274
Early-demographic dividend,EAR,"Foreign direct investment, net inflows (% of GDP)",BX.KLT.DINV.WD.GD.ZS,1.86828713793919
East Asia & Pacific,EAS,"Foreign direct investment, net inflows (% of GDP)",BX.KLT.DINV.WD.GD.ZS,1.97010969372478
East Asia & Pacific (excluding high income),EAP,"Foreign direct investment, net inflows (% of GDP)",BX.KLT.DINV.WD.GD.ZS,1.51870049281137
East Asia & Pacific (IDA & IBRD countries),TEA,"Foreign direct investment, net inflows (% of GDP)",BX.KLT.DINV.WD.GD.ZS,1.51870049281137
Euro area,EMU,"Foreign direct investment, net inflows (% of GDP)",BX.KLT.DINV.WD.GD.ZS,2.60668211054306
Europe & Central Asia,ECS,"Foreign direct investment, net inflows (% of GDP)",BX.KLT.DINV.WD.GD.ZS,2.67057574274789
Europe & Central Asia (excluding high income),ECA,"Foreign direct investment, net inflows (% of GDP)",BX.KLT.DINV.WD.GD.ZS,2.15331493140111
Europe & Central Asia (IDA & IBRD countries),TEC,"Foreign direct investment, net inflows (% of GDP)",BX.KLT.DINV.WD.GD.ZS,2.37839314406759
European Union,EUU,"Foreign direct investment, net inflows (% of GDP)",BX.KLT.DINV.WD.GD.ZS,3.20443910482895
Fragile and conflict affected situations,FCS,"Foreign direct investment, net inflows (% of GDP)",BX.KLT.DINV.WD.GD.ZS,1.32752904273712
Heavily indebted poor countries (HIPC),HPC,"Foreign direct investment, net inflows (% of GDP)",BX.KLT.DINV.WD.GD.ZS,2.93197747369605
High income,HIC,"Foreign direct investment, net inflows (% of GDP)",BX.KLT.DINV.WD.GD.ZS,2.26242454672708
IBRD only,IBD,"Foreign direct investment, net inflows (% of GDP)",BX.KLT.DINV.WD.GD.ZS,1.84993936935581
IDA & IBRD total,IBT,"Foreign direct investment, net inflows (% of GDP)",BX.KLT.DINV.WD.GD.ZS,1.84454781391223
IDA blend,IDB,"Foreign direct investment, net inflows (% of GDP)",BX.KLT.DINV.WD.GD.ZS,0.787560950159654
IDA only,IDX,"Foreign direct investment, net inflows (% of GDP)",BX.KLT.DINV.WD.GD.ZS,2.55068125137065
IDA total,IDA,"Foreign direct investment, net inflows (% of GDP)",BX.KLT.DINV.WD.GD.ZS,1.77619622658246
Late-demographic dividend,LTE,"Foreign direct investment, net inflows (% of GDP)",BX.KLT.DINV.WD.GD.ZS,1.89719301430637
Latin America & Caribbean,LCN,"Foreign direct investment, net inflows (% of GDP)",BX.KLT.DINV.WD.GD.ZS,3.07468766155984
Latin America & Caribbean (excluding high income),LAC,"Foreign direct investment, net inflows (% of GDP)",BX.KLT.DINV.WD.GD.ZS,2.88914089862139
Latin America & the Caribbean (IDA & IBRD countries),TLA,"Foreign direct investment, net inflows (% of GDP)",BX.KLT.DINV.WD.GD.ZS,3.05561948393028
Least developed countries: UN classification,LDC,"Foreign direct investment, net inflows (% of GDP)",BX.KLT.DINV.WD.GD.ZS,1.77285611880412
Low & middle income,LMY,"Foreign direct investment, net inflows (% of GDP)",BX.KLT.DINV.WD.GD.ZS,1.76407052129947
Low income,LIC,"Foreign direct investment, net inflows (% of GDP)",BX.KLT.DINV.WD.GD.ZS,3.41049428611289
Lower middle income,LMC,"Foreign direct investment, net inflows (% of GDP)",BX.KLT.DINV.WD.GD.ZS,1.78136969548668
Middle East & North Africa,MEA,"Foreign direct investment, net inflows (% of GDP)",BX.KLT.DINV.WD.GD.ZS,1.75922491579386
Middle East & North Africa (excluding high income),MNA,"Foreign direct investment, net inflows (% of GDP)",BX.KLT.DINV.WD.GD.ZS,1.00479583316845
Middle East & North Africa (IDA & IBRD countries),TMN,"Foreign direct investment, net inflows (% of GDP)",BX.KLT.DINV.WD.GD.ZS,1.00773812308195
Middle income,MIC,"Foreign direct investment, net inflows (% of GDP)",BX.KLT.DINV.WD.GD.ZS,1.74342387641104
North America,NAC,"Foreign direct investment, net inflows (% of GDP)",BX.KLT.DINV.WD.GD.ZS,1.57759260878076
Not classified,INX,"Foreign direct investment, net inflows (% of GDP)",BX.KLT.DINV.WD.GD.ZS,..
OECD members,OED,"Foreign direct investment, net inflows (% of GDP)",BX.KLT.DINV.WD.GD.ZS,1.89194217418784
Other small states,OSS,"Foreign direct investment, net inflows (% of GDP)",BX.KLT.DINV.WD.GD.ZS,14.6763426862624
Pacific island small states,PSS,"Foreign direct investment, net inflows (% of GDP)",BX.KLT.DINV.WD.GD.ZS,4.43405669145835
Post-demographic dividend,PST,"Foreign direct investment, net inflows (% of GDP)",BX.KLT.DINV.WD.GD.ZS,2.25409135081266
Pre-demographic dividend,PRE,"Foreign direct investment, net inflows (% of GDP)",BX.KLT.DINV.WD.GD.ZS,0.695200727025304
Small states,SST,"Foreign direct investment, net inflows (% of GDP)",BX.KLT.DINV.WD.GD.ZS,13.0690583291126
South Asia,SAS,"Foreign direct investment, net inflows (% of GDP)",BX.KLT.DINV.WD.GD.ZS,1.54936635321104
South Asia (IDA & IBRD),TSA,"Foreign direct investment, net inflows (% of GDP)",BX.KLT.DINV.WD.GD.ZS,1.54936635321104
Sub-Saharan Africa,SSF,"Foreign direct investment, net inflows (% of GDP)",BX.KLT.DINV.WD.GD.ZS,1.50271019425091
Sub-Saharan Africa (excluding high income),SSA,"Foreign direct investment, net inflows (% of GDP)",BX.KLT.DINV.WD.GD.ZS,1.48994763782289
Sub-Saharan Africa (IDA & IBRD countries),TSS,"Foreign direct investment, net inflows (% of GDP)",BX.KLT.DINV.WD.GD.ZS,1.50271019425091
Upper middle income,UMC,"Foreign direct investment, net inflows (% of GDP)",BX.KLT.DINV.WD.GD.ZS,1.7328608827864
World,WLD,"Foreign direct investment, net inflows (% of GDP)",BX.KLT.DINV.WD.GD.ZS,2.07940736679391
Afghanistan,AFG,Trade (% of GDP),NE.TRD.GNFS.ZS,..
Albania,ALB,Trade (% of GDP),NE.TRD.GNFS.ZS,76.2791946495763
Algeria,DZA,Trade (% of GDP),NE.TRD.GNFS.ZS,51.8097384415762
American Samoa,ASM,Trade (% of GDP),NE.TRD.GNFS.ZS,156.568778979907
Andorra,AND,Trade (% of GDP),NE.TRD.GNFS.ZS,..
Angola,AGO,Trade (% of GDP),NE.TRD.GNFS.ZS,57.8295381183036
Antigua and Barbuda,ATG,Trade (% of GDP),NE.TRD.GNFS.ZS,137.625175755884
Argentina,ARG,Trade (% of GDP),NE.TRD.GNFS.ZS,32.6306150458499
Armenia,ARM,Trade (% of GDP),NE.TRD.GNFS.ZS,96.1141541288708
Aruba,ABW,Trade (% of GDP),NE.TRD.GNFS.ZS,145.343572735289
Australia,AUS,Trade (% of GDP),NE.TRD.GNFS.ZS,45.7489633556611
Austria,AUT,Trade (% of GDP),NE.TRD.GNFS.ZS,107.892514611522
Azerbaijan,AZE,Trade (% of GDP),NE.TRD.GNFS.ZS,85.8181454084561
"Bahamas, The",BHS,Trade (% of GDP),NE.TRD.GNFS.ZS,72.3992434162665
Bahrain,BHR,Trade (% of GDP),NE.TRD.GNFS.ZS,141.700834964514
Bangladesh,BGD,Trade (% of GDP),NE.TRD.GNFS.ZS,31.5780512814675
Barbados,BRB,Trade (% of GDP),NE.TRD.GNFS.ZS,80.8550673082324
Belarus,BLR,Trade (% of GDP),NE.TRD.GNFS.ZS,130.850132114123
Belgium,BEL,Trade (% of GDP),NE.TRD.GNFS.ZS,164.166215073989
Belize,BLZ,Trade (% of GDP),NE.TRD.GNFS.ZS,102.201303476517
Benin,BEN,Trade (% of GDP),NE.TRD.GNFS.ZS,63.68133231423
Bermuda,BMU,Trade (% of GDP),NE.TRD.GNFS.ZS,77.5601016506443
Bhutan,BTN,Trade (% of GDP),NE.TRD.GNFS.ZS,76.1235174155789
Bolivia,BOL,Trade (% of GDP),NE.TRD.GNFS.ZS,56.3973067281247
Bosnia and Herzegovina,BIH,Trade (% of GDP),NE.TRD.GNFS.ZS,94.5161278874242
Botswana,BWA,Trade (% of GDP),NE.TRD.GNFS.ZS,83.0929813601175
Brazil,BRA,Trade (% of GDP),NE.TRD.GNFS.ZS,28.8902578692948
British Virgin Islands,VGB,Trade (% of GDP),NE.TRD.GNFS.ZS,..
Brunei Darussalam,BRN,Trade (% of GDP),NE.TRD.GNFS.ZS,108.509658357959
Bulgaria,BGR,Trade (% of GDP),NE.TRD.GNFS.ZS,124.688701193655
Burkina Faso,BFA,Trade (% of GDP),NE.TRD.GNFS.ZS,60.4086928806888
Burundi,BDI,Trade (% of GDP),NE.TRD.GNFS.ZS,29.0262100000001
Cabo Verde,CPV,Trade (% of GDP),NE.TRD.GNFS.ZS,103.602656463726
Cambodia,KHM,Trade (% of GDP),NE.TRD.GNFS.ZS,123.556523773641
Cameroon,CMR,Trade (% of GDP),NE.TRD.GNFS.ZS,43.3785132480415
Canada,CAN,Trade (% of GDP),NE.TRD.GNFS.ZS,66.1714852804959
Cayman Islands,CYM,Trade (% of GDP),NE.TRD.GNFS.ZS,114.838539695171
Central African Republic,CAF,Trade (% of GDP),NE.TRD.GNFS.ZS,50.0658000014868
Chad,TCD,Trade (% of GDP),NE.TRD.GNFS.ZS,74.5705255558558
Channel Islands,CHI,Trade (% of GDP),NE.TRD.GNFS.ZS,..
Chile,CHL,Trade (% of GDP),NE.TRD.GNFS.ZS,57.5468575300305
China,CHN,Trade (% of GDP),NE.TRD.GNFS.ZS,35.8900960338084
Colombia,COL,Trade (% of GDP),NE.TRD.GNFS.ZS,37.558533980839
Comoros,COM,Trade (% of GDP),NE.TRD.GNFS.ZS,42.2680785350184
"Congo, Dem. Rep.",COD,Trade (% of GDP),NE.TRD.GNFS.ZS,55.2351580399854
"Congo, Rep.",COG,Trade (% of GDP),NE.TRD.GNFS.ZS,91.5757577206648
Costa Rica,CRI,Trade (% of GDP),NE.TRD.GNFS.ZS,65.7605300175717
Cote d'Ivoire,CIV,Trade (% of GDP),NE.TRD.GNFS.ZS,44.5274919384227
Croatia,HRV,Trade (% of GDP),NE.TRD.GNFS.ZS,101.375238725593
Cuba,CUB,Trade (% of GDP),NE.TRD.GNFS.ZS,22.8207944494506
Curacao,CUW,Trade (% of GDP),NE.TRD.GNFS.ZS,..
Cyprus,CYP,Trade (% of GDP),NE.TRD.GNFS.ZS,151.944491675827
Czechia,CZE,Trade (% of GDP),NE.TRD.GNFS.ZS,141.771023662617
Denmark,DNK,Trade (% of GDP),NE.TRD.GNFS.ZS,110.224828604234
Djibouti,DJI,Trade (% of GDP),NE.TRD.GNFS.ZS,320.939002998625
Dominica,DMA,Trade (% of GDP),NE.TRD.GNFS.ZS,..
Dominican Republic,DOM,Trade (% of GDP),NE.TRD.GNFS.ZS,51.0111449209557
Ecuador,ECU,Trade (% of GDP),NE.TRD.GNFS.ZS,46.0768211909258
"Egypt, Arab Rep.",EGY,Trade (% of GDP),NE.TRD.GNFS.ZS,41.1240171551108
El Salvador,SLV,Trade (% of GDP),NE.TRD.GNFS.ZS,76.0420130991468
Equatorial Guinea,GNQ,Trade (% of GDP),NE.TRD.GNFS.ZS,94.8787924253545
Eritrea,ERI,Trade (% of GDP),NE.TRD.GNFS.ZS,..
Estonia,EST,Trade (% of GDP),NE.TRD.GNFS.ZS,143.754530253766
Eswatini,SWZ,Trade (% of GDP),NE.TRD.GNFS.ZS,89.188621687827
Ethiopia,ETH,Trade (% of GDP),NE.TRD.GNFS.ZS,28.8153010070423
Faroe Islands,FRO,Trade (% of GDP),NE.TRD.GNFS.ZS,108.623245950251
Fiji,FJI,Trade (% of GDP),NE.TRD.GNFS.ZS,107.411463822998
Finland,FIN,Trade (% of GDP),NE.TRD.GNFS.ZS,79.605433214652
France,FRA,Trade (% of GDP),NE.TRD.GNFS.ZS,64.1414731902028
French Polynesia,PYF,Trade (% of GDP),NE.TRD.GNFS.ZS,63.3061124024003
Gabon,GAB,Trade (% of GDP),NE.TRD.GNFS.ZS,73.4280894486644
"Gambia, The",GMB,Trade (% of GDP),NE.TRD.GNFS.ZS,53.2696525651825
Georgia,GEO,Trade (% of GDP),NE.TRD.GNFS.ZS,118.599368307339
Germany,DEU,Trade (% of GDP),NE.TRD.GNFS.ZS,88.3183894580195
Ghana,GHA,Trade (% of GDP),NE.TRD.GNFS.ZS,76.8248018271755
Gibraltar,GIB,Trade (% of GDP),NE.TRD.GNFS.ZS,..
Greece,GRC,Trade (% of GDP),NE.TRD.GNFS.ZS,81.885923258543
Greenland,GRL,Trade (% of GDP),NE.TRD.GNFS.ZS,92.1907515607492
Grenada,GRD,Trade (% of GDP),NE.TRD.GNFS.ZS,..
Guam,GUM,Trade (% of GDP),NE.TRD.GNFS.ZS,77.8353754319824
Guatemala,GTM,Trade (% of GDP),NE.TRD.GNFS.ZS,45.5167427491815
Guinea,GIN,Trade (% of GDP),NE.TRD.GNFS.ZS,78.4153132291929
Guinea-Bissau,GNB,Trade (% of GDP),NE.TRD.GNFS.ZS,55.3725855838767
Guyana,GUY,Trade (% of GDP),NE.TRD.GNFS.ZS,..
Haiti,HTI,Trade (% of GDP),NE.TRD.GNFS.ZS,44.5687187734548
Honduras,HND,Trade (% of GDP),NE.TRD.GNFS.ZS,98.0275897083463
"Hong Kong SAR, China",HKG,Trade (% of GDP),NE.TRD.GNFS.ZS,353.743521139731
Hungary,HUN,Trade (% of GDP),NE.TRD.GNFS.ZS,160.751343279331
Iceland,ISL,Trade (% of GDP),NE.TRD.GNFS.ZS,82.8627457813882
India,IND,Trade (% of GDP),NE.TRD.GNFS.ZS,39.9054035298391
Indonesia,IDN,Trade (% of GDP),NE.TRD.GNFS.ZS,37.6277775362938
"Iran, Islamic Rep.",IRN,Trade (% of GDP),NE.TRD.GNFS.ZS,50.7543343501077
Iraq,IRQ,Trade (% of GDP),NE.TRD.GNFS.ZS,68.9899384202806
Ireland,IRL,Trade (% of GDP),NE.TRD.GNFS.ZS,252.495271979574
Isle of Man,IMN,Trade (% of GDP),NE.TRD.GNFS.ZS,..
Israel,ISR,Trade (% of GDP),NE.TRD.GNFS.ZS,56.2695344799558
Italy,ITA,Trade (% of GDP),NE.TRD.GNFS.ZS,59.8789802234549
Jamaica,JAM,Trade (% of GDP),NE.TRD.GNFS.ZS,90.1106076335994
Japan,JPN,Trade (% of GDP),NE.TRD.GNFS.ZS,35.2164181084145
Jordan,JOR,Trade (% of GDP),NE.TRD.GNFS.ZS,85.8214387441846
Kazakhstan,KAZ,Trade (% of GDP),NE.TRD.GNFS.ZS,64.8586165517565
Kenya,KEN,Trade (% of GDP),NE.TRD.GNFS.ZS,31.7594667253776
Kiribati,KIR,Trade (% of GDP),NE.TRD.GNFS.ZS,119.84126984127
"Korea, Dem. People's Rep.",PRK,Trade (% of GDP),NE.TRD.GNFS.ZS,..
"Korea, Rep.",KOR,Trade (% of GDP),NE.TRD.GNFS.ZS,75.757138965219
Kosovo,XKX,Trade (% of GDP),NE.TRD.GNFS.ZS,85.7534085053482
Kuwait,KWT,Trade (% of GDP),NE.TRD.GNFS.ZS,98.1829442370446
Kyrgyz Republic,KGZ,Trade (% of GDP),NE.TRD.GNFS.ZS,..
Lao PDR,LAO,Trade (% of GDP),NE.TRD.GNFS.ZS,..
Latvia,LVA,Trade (% of GDP),NE.TRD.GNFS.ZS,120.743136668005
Lebanon,LBN,Trade (% of GDP),NE.TRD.GNFS.ZS,62.98091601016
Lesotho,LSO,Trade (% of GDP),NE.TRD.GNFS.ZS,142.226138607513
Liberia,LBR,Trade (% of GDP),NE.TRD.GNFS.ZS,..
Libya,LBY,Trade (% of GDP),NE.TRD.GNFS.ZS,78.2091278508398
Liechtenstein,LIE,Trade (% of GDP),NE.TRD.GNFS.ZS,..
Lithuania,LTU,Trade (% of GDP),NE.TRD.GNFS.ZS,149.176211356567
Luxembourg,LUX,Trade (% of GDP),NE.TRD.GNFS.ZS,382.348369203003
"Macao SAR, China",MAC,Trade (% of GDP),NE.TRD.GNFS.ZS,114.703063841274
Madagascar,MDG,Trade (% of GDP),NE.TRD.GNFS.ZS,62.6013230457128
Malawi,MWI,Trade (% of GDP),NE.TRD.GNFS.ZS,..
Malaysia,MYS,Trade (% of GDP),NE.TRD.GNFS.ZS,123.028562027943
Maldives,MDV,Trade (% of GDP),NE.TRD.GNFS.ZS,..
Mali,MLI,Trade (% of GDP),NE.TRD.GNFS.ZS,63.6587027660517
Malta,MLT,Trade (% of GDP),NE.TRD.GNFS.ZS,309.61715026097
Marshall Islands,MHL,Trade (% of GDP),NE.TRD.GNFS.ZS,153.598392568969
Mauritania,MRT,Trade (% of GDP),NE.TRD.GNFS.ZS,93.4866941351317
Mauritius,MUS,Trade (% of GDP),NE.TRD.GNFS.ZS,96.4919509166035
Mexico,MEX,Trade (% of GDP),NE.TRD.GNFS.ZS,77.3963247757157
"Micronesia, Fed. Sts.",FSM,Trade (% of GDP),NE.TRD.GNFS.ZS,104.495192307692
Moldova,MDA,Trade (% of GDP),NE.TRD.GNFS.ZS,87.6322371148906
Monaco,MCO,Trade (% of GDP),NE.TRD.GNFS.ZS,..
Mongolia,MNG,Trade (% of GDP),NE.TRD.GNFS.ZS,124.396514621165
Montenegro,MNE,Trade (% of GDP),NE.TRD.GNFS.ZS,108.844577462214
Morocco,MAR,Trade (% of GDP),NE.TRD.GNFS.ZS,75.9981158798422
Mozambique,MOZ,Trade (% of GDP),NE.TRD.GNFS.ZS,..
Myanmar,MMR,Trade (% of GDP),NE.TRD.GNFS.ZS,..
Namibia,NAM,Trade (% of GDP),NE.TRD.GNFS.ZS,82.9011520693409
Nauru,NRU,Trade (% of GDP),NE.TRD.GNFS.ZS,156
Nepal,NPL,Trade (% of GDP),NE.TRD.GNFS.ZS,49.2495265869012
Netherlands,NLD,Trade (% of GDP),NE.TRD.GNFS.ZS,155.270676645491
New Caledonia,NCL,Trade (% of GDP),NE.TRD.GNFS.ZS,..
New Zealand,NZL,Trade (% of GDP),NE.TRD.GNFS.ZS,54.3841804066818
Nicaragua,NIC,Trade (% of GDP),NE.TRD.GNFS.ZS,94.04228104628
Niger,NER,Trade (% of GDP),NE.TRD.GNFS.ZS,37.1025664250326
Nigeria,NGA,Trade (% of GDP),NE.TRD.GNFS.ZS,..
North Macedonia,MKD,Trade (% of GDP),NE.TRD.GNFS.ZS,138.576231840539
Northern Mariana Islands,MNP,Trade (% of GDP),NE.TRD.GNFS.ZS,104.572396274344
Norway,NOR,Trade (% of GDP),NE.TRD.GNFS.ZS,70.8958205272987
Oman,OMN,Trade (% of GDP),NE.TRD.GNFS.ZS,86.4761336586
Pakistan,PAK,Trade (% of GDP),NE.TRD.GNFS.ZS,28.9055757994453
Palau,PLW,Trade (% of GDP),NE.TRD.GNFS.ZS,..
Panama,PAN,Trade (% of GDP),NE.TRD.GNFS.ZS,..
Papua New Guinea,PNG,Trade (% of GDP),NE.TRD.GNFS.ZS,..
Paraguay,PRY,Trade (% of GDP),NE.TRD.GNFS.ZS,71.2221617342433
Peru,PER,Trade (% of GDP),NE.TRD.GNFS.ZS,46.9435053754409
Philippines,PHL,Trade (% of GDP),NE.TRD.GNFS.ZS,68.8418422585097
Poland,POL,Trade (% of GDP),NE.TRD.GNFS.ZS,102.688713790566
Portugal,PRT,Trade (% of GDP),NE.TRD.GNFS.ZS,86.5647174091784
Puerto Rico,PRI,Trade (% of GDP),NE.TRD.GNFS.ZS,107.571456836722
Qatar,QAT,Trade (% of GDP),NE.TRD.GNFS.ZS,90.0463755501859
Romania,ROU,Trade (% of GDP),NE.TRD.GNFS.ZS,84.5030610232464
Russian Federation,RUS,Trade (% of GDP),NE.TRD.GNFS.ZS,49.2287536619033
Rwanda,RWA,Trade (% of GDP),NE.TRD.GNFS.ZS,57.9923275443865
Samoa,WSM,Trade (% of GDP),NE.TRD.GNFS.ZS,83.3310820410377
San Marino,SMR,Trade (% of GDP),NE.TRD.GNFS.ZS,307.264778085553
Sao Tome and Principe,STP,Trade (% of GDP),NE.TRD.GNFS.ZS,..
Saudi Arabia,SAU,Trade (% of GDP),NE.TRD.GNFS.ZS,60.1981894249545
Senegal,SEN,Trade (% of GDP),NE.TRD.GNFS.ZS,64.2362506061005
Serbia,SRB,Trade (% of GDP),NE.TRD.GNFS.ZS,111.954597500673
Seychelles,SYC,Trade (% of GDP),NE.TRD.GNFS.ZS,196.972328714042
Sierra Leone,SLE,Trade (% of GDP),NE.TRD.GNFS.ZS,56.1906488750949
Singapore,SGP,Trade (% of GDP),NE.TRD.GNFS.ZS,321.703497216311
Sint Maarten (Dutch part),SXM,Trade (% of GDP),NE.TRD.GNFS.ZS,..
Slovak Republic,SVK,Trade (% of GDP),NE.TRD.GNFS.ZS,183.493447095806
Slovenia,SVN,Trade (% of GDP),NE.TRD.GNFS.ZS,158.638466880546
Solomon Islands,SLB,Trade (% of GDP),NE.TRD.GNFS.ZS,82.9983376152335
Somalia,SOM,Trade (% of GDP),NE.TRD.GNFS.ZS,69.572186456566
South Africa,ZAF,Trade (% of GDP),NE.TRD.GNFS.ZS,53.8979964086103
South Sudan,SSD,Trade (% of GDP),NE.TRD.GNFS.ZS,..
Spain,ESP,Trade (% of GDP),NE.TRD.GNFS.ZS,66.8738905174013
Sri Lanka,LKA,Trade (% of GDP),NE.TRD.GNFS.ZS,49.4255258543722
St. Kitts and Nevis,KNA,Trade (% of GDP),NE.TRD.GNFS.ZS,..
St. Lucia,LCA,Trade (% of GDP),NE.TRD.GNFS.ZS,..
St. Martin (French part),MAF,Trade (% of GDP),NE.TRD.GNFS.ZS,..
St. Vincent and the Grenadines,VCT,Trade (% of GDP),NE.TRD.GNFS.ZS,..
Sudan,SDN,Trade (% of GDP),NE.TRD.GNFS.ZS,26.1196204552625
Suriname,SUR,Trade (% of GDP),NE.TRD.GNFS.ZS,..
Sweden,SWE,Trade (% of GDP),NE.TRD.GNFS.ZS,91.4338289680865
Switzerland,CHE,Trade (% of GDP),NE.TRD.GNFS.ZS,124.127612180467
Syrian Arab Republic,SYR,Trade (% of GDP),NE.TRD.GNFS.ZS,41.9994711236162
Tajikistan,TJK,Trade (% of GDP),NE.TRD.GNFS.ZS,56.0450159145896
Tanzania,TZA,Trade (% of GDP),NE.TRD.GNFS.ZS,33.0185892502311
Thailand,THA,Trade (% of GDP),NE.TRD.GNFS.ZS,109.689514715166
Timor-Leste,TLS,Trade (% of GDP),NE.TRD.GNFS.ZS,70.8064146926001
Togo,TGO,Trade (% of GDP),NE.TRD.GNFS.ZS,56.3421740349757
Tonga,TON,Trade (% of GDP),NE.TRD.GNFS.ZS,87.1654471936074
Trinidad and Tobago,TTO,Trade (% of GDP),NE.TRD.GNFS.ZS,..
Tunisia,TUN,Trade (% of GDP),NE.TRD.GNFS.ZS,100.936008262245
Turkiye,TUR,Trade (% of GDP),NE.TRD.GNFS.ZS,63.1932903231036
Turkmenistan,TKM,Trade (% of GDP),NE.TRD.GNFS.ZS,44.2857594037204
Turks and Caicos Islands,TCA,Trade (% of GDP),NE.TRD.GNFS.ZS,..
Tuvalu,TUV,Trade (% of GDP),NE.TRD.GNFS.ZS,..
Uganda,UGA,Trade (% of GDP),NE.TRD.GNFS.ZS,39.3610539647435
Ukraine,UKR,Trade (% of GDP),NE.TRD.GNFS.ZS,90.5112342910763
United Arab Emirates,ARE,Trade (% of GDP),NE.TRD.GNFS.ZS,167.383564925995
United Kingdom,GBR,Trade (% of GDP),NE.TRD.GNFS.ZS,64.6651336372235
United States,USA,Trade (% of GDP),NE.TRD.GNFS.ZS,26.4519494737854
Uruguay,URY,Trade (% of GDP),NE.TRD.GNFS.ZS,49.5573052535871
Uzbekistan,UZB,Trade (% of GDP),NE.TRD.GNFS.ZS,72.5183267330503
Vanuatu,VUT,Trade (% of GDP),NE.TRD.GNFS.ZS,99.3829688227082
"Venezuela, RB",VEN,Trade (% of GDP),NE.TRD.GNFS.ZS,..
Viet Nam,VNM,Trade (% of GDP),NE.TRD.GNFS.ZS,164.704214531318
Virgin Islands (U.S.),VIR,Trade (% of GDP),NE.TRD.GNFS.ZS,155.399174957535
West Bank and Gaza,PSE,Trade (% of GDP),NE.TRD.GNFS.ZS,68.9934922812035
"Yemen, Rep.",YEM,Trade (% of GDP),NE.TRD.GNFS.ZS,..
Zambia,ZMB,Trade (% of GDP),NE.TRD.GNFS.ZS,68.791204936096
Zimbabwe,ZWE,Trade (% of GDP),NE.TRD.GNFS.ZS,55.7959609917419
Africa Eastern and Southern,AFE,Trade (% of GDP),NE.TRD.GNFS.ZS,51.6315805117886
Africa Western and Central,AFW,Trade (% of GDP),NE.TRD.GNFS.ZS,..
Arab World,ARB,Trade (% of GDP),NE.TRD.GNFS.ZS,81.375450138496
Caribbean small states,CSS,Trade (% of GDP),NE.TRD.GNFS.ZS,..
Central Europe and the Baltics,CEB,Trade (% of GDP),NE.TRD.GNFS.ZS,122.208253920517
Early-demographic dividend,EAR,Trade (% of GDP),NE.TRD.GNFS.ZS,52.5228107734728
East Asia & Pacific,EAS,Trade (% of GDP),NE.TRD.GNFS.ZS,53.7112082438589
East Asia & Pacific (excluding high income),EAP,Trade (% of GDP),NE.TRD.GNFS.ZS,43.2887423052987
East Asia & Pacific (IDA & IBRD countries),TEA,Trade (% of GDP),NE.TRD.GNFS.ZS,43.2899677441247
Euro area,EMU,Trade (% of GDP),NE.TRD.GNFS.ZS,89.9062406696633
Europe & Central Asia,ECS,Trade (% of GDP),NE.TRD.GNFS.ZS,84.3698046954109
Europe & Central Asia (excluding high income),ECA,Trade (% of GDP),NE.TRD.GNFS.ZS,61.3850348549467
Europe & Central Asia (IDA & IBRD countries),TEC,Trade (% of GDP),NE.TRD.GNFS.ZS,67.9564411536031
European Union,EUU,Trade (% of GDP),NE.TRD.GNFS.ZS,92.2681849767146
Fragile and conflict affected situations,FCS,Trade (% of GDP),NE.TRD.GNFS.ZS,..
Heavily indebted poor countries (HIPC),HPC,Trade (% of GDP),NE.TRD.GNFS.ZS,52.7986909625064
High income,HIC,Trade (% of GDP),NE.TRD.GNFS.ZS,61.6223025107685
IBRD only,IBD,Trade (% of GDP),NE.TRD.GNFS.ZS,48.3716566924529
IDA & IBRD total,IBT,Trade (% of GDP),NE.TRD.GNFS.ZS,48.3838240000145
IDA blend,IDB,Trade (% of GDP),NE.TRD.GNFS.ZS,..
IDA only,IDX,Trade (% of GDP),NE.TRD.GNFS.ZS,51.9050499873098
IDA total,IDA,Trade (% of GDP),NE.TRD.GNFS.ZS,48.6128100401414
Late-demographic dividend,LTE,Trade (% of GDP),NE.TRD.GNFS.ZS,53.0681735513407
Latin America & Caribbean,LCN,Trade (% of GDP),NE.TRD.GNFS.ZS,47.0368209245983
Latin America & Caribbean (excluding high income),LAC,Trade (% of GDP),NE.TRD.GNFS.ZS,45.3506288805534
Latin America & the Caribbean (IDA & IBRD countries),TLA,Trade (% of GDP),NE.TRD.GNFS.ZS,46.3772702322323
Least developed countries: UN classification,LDC,Trade (% of GDP),NE.TRD.GNFS.ZS,49.728295366021
Low & middle income,LMY,Trade (% of GDP),NE.TRD.GNFS.ZS,46.8211709730293
Low income,LIC,Trade (% of GDP),NE.TRD.GNFS.ZS,48.3264810867882
Lower middle income,LMC,Trade (% of GDP),NE.TRD.GNFS.ZS,53.1223031256306
Middle East & North Africa,MEA,Trade (% of GDP),NE.TRD.GNFS.ZS,77.0451676437319
Middle East & North Africa (excluding high income),MNA,Trade (% of GDP),NE.TRD.GNFS.ZS,57.7467670428491
Middle East & North Africa (IDA & IBRD countries),TMN,Trade (% of GDP),NE.TRD.GNFS.ZS,57.6243395791239
Middle income,MIC,Trade (% of GDP),NE.TRD.GNFS.ZS,46.8026318878848
North America,NAC,Trade (% of GDP),NE.TRD.GNFS.ZS,29.8589170922788
Not classified,INX,Trade (% of GDP),NE.TRD.GNFS.ZS,..
OECD members,OED,Trade (% of GDP),NE.TRD.GNFS.ZS,56.4684571050666
Other small states,OSS,Trade (% of GDP),NE.TRD.GNFS.ZS,109.001947932816
Pacific island small states,PSS,Trade (% of GDP),NE.TRD.GNFS.ZS,102.543119525487
Post-demographic dividend,PST,Trade (% of GDP),NE.TRD.GNFS.ZS,58.0164108411152
Pre-demographic dividend,PRE,Trade (% of GDP),NE.TRD.GNFS.ZS,..
Small states,SST,Trade (% of GDP),NE.TRD.GNFS.ZS,107.191035456567
South Asia,SAS,Trade (% of GDP),NE.TRD.GNFS.ZS,38.6504817706871
South Asia (IDA & IBRD),TSA,Trade (% of GDP),NE.TRD.GNFS.ZS,38.6504817706871
Sub-Saharan Africa,SSF,Trade (% of GDP),NE.TRD.GNFS.ZS,54.8236255441814
Sub-Saharan Africa (excluding high income),SSA,Trade (% of GDP),NE.TRD.GNFS.ZS,54.6644505589253
Sub-Saharan Africa (IDA & IBRD countries),TSS,Trade (% of GDP),NE.TRD.GNFS.ZS,54.8236255441815
Upper middle income,UMC,Trade (% of GDP),NE.TRD.GNFS.ZS,45.2753999757702
World,WLD,Trade (% of GDP),NE.TRD.GNFS.ZS,56.4978896229091
